Indicador_ID,Pendiente,Ordenada
5,9.460549772,-4.730274886
6,0.094605498,-4.730274886
8,-7.095412329,5.676329863
9,0.019800093,-5.522126992
10,0.002027261,-4.662699531
14,-0.056763299,14.19082466
22,-14.19082466,4.257247398
23,-14.19082466,4.257247398
24,0.141908247,-7.095412329
